BFS;FREQUENCY;SUM_Shape_Length
1;53;6013.753244
2;57;5734.993989
3;26;3433.248578
4;95;10765.60046
5;21;4223.776944
6;61;8750.06637
7;7;2585.201585
8;5;582.760186
9;6;2148.284906
10;84;6388.031791
11;9;2199.295065
12;9;2925.049143
13;118;12386.4112
14;18;2489.572055
22;49;4034.041092
23;39;4645.459659
25;69;5385.83976
26;2;655.958438
27;39;2752.246983
28;43;3675.50753
29;19;2117.038105
31;37;2559.63864
33;45;7211.304353
34;40;4737.545733
35;93;8309.201726
37;59;8809.599108
38;77;8505.449352
39;26;4548.161105
40;48;4334.659195
41;1;575.559122
43;3;869.576615
51;16;2877.116303
52;120;12338.47689
53;136;14381.23297
54;44;5151.734903
55;84;6794.436993
56;23;3497.570872
57;80;7944.472938
58;95;13342.684
59;29;4237.028019
60;42;5025.490547
61;8;2748.932754
62;180;24117.56254
63;10;2601.558485
64;20;3060.967905
65;1;1039.983061
66;142;12392.26483
67;3;2021.708563
68;42;3171.060419
69;75;4886.023278
70;3;321.072429
71;2;692.189855
72;9;3500.8243
81;61;9639.84309
82;1;4.428301
83;40;4777.805657
84;18;2987.626394
85;23;2838.995421
86;84;10823.98937
87;15;1001.00508
88;16;5694.619721
89;44;3917.794765
90;71;11574.54264
91;29;2294.20811
92;64;10843.05605
93;7;480.916248
94;20;3762.419496
96;170;20158.18617
97;95;15147.1462
98;14;1365.997703
99;19;2029.371565
100;5;3221.09333
101;107;9635.444398
102;30;8635.259501
111;15;3952.468568
112;102;12537.5368
113;134;13368.09014
114;97;7868.704248
115;174;20727.75913
116;3;764.23008
117;92;13669.35552
118;81;8921.293364
119;33;4675.99079
120;225;24722.75224
121;139;14684.54747
131;50;4725.362116
135;42;2819.359203
136;50;4634.03368
137;12;2267.780731
138;36;4694.782694
139;24;2006.466409
141;46;4070.877294
151;36;2179.664011
152;41;2825.647999
153;60;7358.051805
154;100;3894.589483
155;59;3141.527953
156;143;7657.810035
157;35;4618.19875
158;118;10054.26402
159;44;3437.230963
160;1;23.526519
161;66;4126.858844
172;20;4159.404535
173;40;7170.063112
176;180;20790.20919
177;213;21891.17598
178;72;10023.46486
180;81;7766.556832
181;25;4823.563777
182;6;1086.880085
191;392;29611.73291
192;88;9745.756821
193;22;5854.505105
194;39;6527.939254
195;37;8225.788046
196;103;9791.262911
197;41;4114.270321
198;237;30189.05065
199;114;14121.76624
200;53;4564.331504
211;63;6533.87634
214;1;475.97673
215;34;3284.914564
216;35;5369.535024
218;1;1120.213445
219;29;6378.197678
220;40;6894.032098
221;56;7695.185832
223;100;10601.27953
224;53;4171.191374
225;3;1348.779586
227;89;11562.32596
228;102;10516.74736
230;1308;100899.8293
231;40;7166.881113
241;2;924.212808
242;112;11407.39695
243;243;19545.09645
246;11;1971.691327
247;107;12774.85482
248;13;1175.530755
249;25;3223.776584
250;75;8814.071917
251;17;1847.260998
261;1635;107483.1061
291;122;15177.4614
292;141;14552.92482
293;34;5724.999111
294;30;5816.352925
295;124;16164.04354
296;178;21085.16314
297;177;23707.33266
298;125;11569.7982
301;63;4682.980861
302;28;4540.596944
303;35;2791.356565
304;79;9103.030265
305;21;3399.13668
306;212;16989.92383
307;54;5926.830642
309;31;3536.378502
310;29;2985.216981
311;70;8263.408747
312;74;11065.71802
321;118;10402.12076
322;24;3555.658033
323;16;1996.195154
324;2;46.090378
326;33;4216.581241
329;205;15367.49613
331;44;2839.013993
332;117;21936.93246
335;10;1257.147082
337;62;4623.052224
338;22;2953.18669
340;20;2562.940264
341;21;2246.320623
342;37;3879.480085
344;20;3806.552658
345;39;3966.217548
351;940;62467.84078
352;32;3687.023011
353;13;551.76216
354;96;10403.60279
355;365;40284.23137
356;97;8432.5411
357;43;5838.51899
358;36;3726.977145
359;129;19797.95486
360;172;19980.69898
361;117;7354.139778
362;61;6318.611148
363;57;4127.109371
371;214;18356.78443
381;34;3756.532228
382;4;768.601125
383;116;10795.69593
385;28;3490.135136
386;65;5519.243124
387;50;2431.488835
388;30;2814.792503
389;4;330.043282
390;4;486.474823
392;48;5146.328464
393;32;3445.875317
394;36;3075.633086
401;6;430.219091
404;285;25330.94336
405;91;10507.46867
406;131;13737.38673
407;43;6636.095394
410;14;1643.145887
411;18;1495.326525
412;111;9242.466752
413;33;2453.09707
414;36;7410.911476
415;11;676.356678
418;55;8842.894005
420;21;1832.771206
421;15;2310.585524
423;11;1360.691489
424;164;27282.06515
432;11;1595.954
434;9;1858.649237
435;18;3675.508488
437;10;1912.72467
441;12;1699.10981
443;41;7902.23566
444;34;6129.574125
445;18;4842.849174
446;97;11442.99947
448;15;3106.306469
449;1;519.073523
450;5;7213.728582
492;53;2771.109884
493;10;1818.858692
494;40;8652.020227
495;47;5785.243567
496;94;10763.48343
497;41;4645.338032
498;27;3557.909761
499;8;2725.05668
500;20;3109.830344
502;43;7183.911182
533;3;363.861429
538;117;10416.2488
540;45;4664.52602
543;28;1716.595402
544;36;2262.583599
546;88;6450.372966
551;46;2499.183854
552;49;6801.281869
554;14;1910.16207
556;10;689.311303
562;25;2186.507419
563;95;7308.427498
564;33;7210.598436
565;31;1966.325106
566;16;3226.146668
567;56;6018.451393
571;88;8587.074037
572;84;7613.215687
573;112;11274.04871
574;6;755.274637
575;34;5559.071434
576;204;22316.17364
577;34;4563.345937
578;29;2620.234698
580;6;1338.24048
581;137;9403.540625
582;46;6912.355707
585;64;6633.58701
586;23;3422.017385
587;58;3981.638429
590;1;76.443971
592;1;498.297033
593;182;16751.84907
594;72;4866.69572
602;29;3533.201296
603;29;3704.161025
605;55;6763.06094
606;10;1254.927373
607;13;1496.368123
608;17;1691.643207
610;11;755.369769
611;48;3961.695813
612;81;9063.151489
615;8;1104.61178
616;156;13678.7589
617;16;2652.220826
619;46;4215.805574
620;45;7483.485073
622;10;1686.794691
623;75;4883.871008
626;104;12505.85601
627;114;11915.86434
628;27;2345.393781
630;31;3296.891495
632;32;4335.818829
662;39;4865.700459
663;46;4830.333634
666;14;1860.419738
667;76;6542.337852
668;48;6134.014238
669;21;2428.270901
670;152;17655.89559
671;46;3718.468337
681;8;1210.143448
690;26;3234.451787
691;22;3636.547758
692;4;429.661804
694;12;1576.550419
696;15;1035.564298
700;119;10654.37576
701;40;5816.103889
703;37;2723.233585
704;12;2418.993666
706;40;6589.557681
711;13;2009.901843
713;63;6419.458802
716;71;18333.08518
717;49;4252.867028
723;11;976.97194
731;22;3309.317065
732;1;376.46543
733;54;4448.667606
736;38;3549.154604
739;27;2187.717693
742;24;2493.015422
743;64;4084.331336
744;50;3200.096248
745;31;2275.854747
746;5;803.34917
747;30;2424.417583
748;26;3289.32869
749;34;1955.477863
750;39;2794.050605
751;16;2850.453714
754;15;2500.088905
755;24;1438.048306
756;8;3316.792528
761;29;3596.224716
762;41;8290.476795
763;34;4448.48757
766;32;5774.697287
767;44;4456.243257
768;112;13448.31343
769;91;10355.07393
770;61;8767.744074
782;111;22223.56113
783;37;4516.692992
784;66;11031.92626
785;178;22770.03051
786;113;12321.40609
791;55;8339.522963
794;85;11044.76347
841;73;9306.078025
842;2;318.821162
843;296;33702.56884
852;79;11637.14802
853;93;10712.2267
855;182;24282.32526
861;172;21267.67847
863;44;6014.350616
866;97;12026.31141
867;54;5836.975925
869;26;1923.577461
870;50;5204.491315
872;97;12186.85978
877;34;5764.482541
879;150;18944.51076
880;128;19150.18641
883;32;2660.581514
884;44;3418.450121
885;35;2613.185685
886;141;10263.75321
888;36;5153.074474
889;33;3874.707341
901;21;4881.742976
902;209;29148.17214
903;46;5185.601495
904;93;16480.30479
905;46;5531.042817
906;109;13735.71563
907;96;11086.0814
908;22;5821.000655
909;128;19556.36308
921;67;8674.944114
922;42;3681.340913
923;26;3347.654942
924;31;4217.56762
925;16;2865.990907
927;35;3661.92556
928;117;12553.98037
929;2;68.885792
931;50;7906.209591
932;30;6028.470224
935;37;5419.91161
936;26;2623.826963
938;158;27445.39963
939;177;11177.09826
941;67;7002.168559
942;329;20522.88739
943;32;3621.112815
944;102;11814.63478
945;55;6852.04446
946;6;741.016075
947;62;6944.797759
948;53;5513.060317
951;46;7092.762373
952;49;6291.641808
953;48;6294.92601
954;99;9189.579146
955;162;18238.04935
956;75;6394.450976
957;192;20943.34723
958;34;4782.926322
960;47;6188.48624
971;31;2684.973435
972;7;954.034102
973;37;3544.098684
976;18;2943.206566
977;34;3090.357453
979;47;3322.333537
980;16;1451.064268
981;64;8168.678919
982;44;3670.067141
983;26;2659.19511
985;41;5969.131756
988;28;4037.575524
989;1;84.218005
990;22;2758.944339
991;6;277.864879
992;58;4333.988204
995;44;3230.109606
1001;51;7300.29728
1002;174;29870.94169
1004;177;24241.52966
1005;85;11484.79272
1007;69;14951.27977
1008;162;20542.43192
1009;96;14813.02591
1010;316;45582.32705
1021;37;4953.201528
1023;83;11965.59754
1024;324;34309.9029
1025;24;2372.313857
1026;70;16846.23776
1030;152;19367.33348
1031;75;9466.080584
1032;78;11202.97854
1033;45;7379.457037
1037;66;10432.07195
1039;111;14248.83427
1040;136;13289.77102
1041;49;7179.467312
1051;24;3839.614694
1052;29;5504.195512
1053;3;168.264941
1054;62;4194.604574
1055;19;1803.520947
1056;21;2905.905841
1057;21;2480.804132
1058;199;17421.91449
1059;79;7975.092585
1061;356;28737.64871
1062;129;15797.0967
1063;54;5307.500048
1064;30;2615.512904
1065;60;5421.635094
1067;15;2064.170598
1068;37;3960.579853
1069;61;6160.10144
1081;228;28323.76119
1082;6;1345.551286
1083;97;14434.44325
1084;48;6155.699013
1085;24;3004.095316
1086;60;9953.654165
1088;52;8950.709794
1089;86;8570.99129
1091;38;4907.954873
1093;116;13311.66391
1094;17;2976.428625
1095;12;2420.113164
1097;1;200.124654
1098;204;29669.55893
1099;68;6925.934788
1100;18;3104.085157
1102;158;14400.33983
1103;165;11322.44797
1104;43;8761.269259
1107;46;2955.491561
1121;63;8184.380841
1122;11;1279.829578
1123;29;2501.128185
1125;100;14843.61755
1127;12;3025.443909
1128;99;14500.8351
1129;30;3431.249886
1131;48;6334.827863
1132;92;19310.77707
1135;12;4244.665533
1136;65;14244.51857
1137;38;2901.998252
1139;92;9863.896141
1140;34;3561.266794
1142;29;3438.089032
1143;36;4854.51071
1145;78;11013.32855
1147;2;51.265453
1150;137;17088.77381
1151;265;37444.93993
1201;95;5532.946353
1202;135;18149.45268
1203;13;1926.508304
1205;74;4993.905929
1206;73;9940.588178
1207;83;8381.67464
1208;60;6887.189031
1209;82;9858.623019
1210;81;11972.69932
1212;62;14291.98684
1213;22;4798.829845
1214;20;1796.076584
1216;38;2701.994233
1217;62;5363.247031
1218;109;17647.68641
1219;79;13793.54854
1220;54;5982.001793
1301;320;37579.72058
1311;34;6041.185703
1321;109;12450.58912
1322;245;20111.70145
1323;53;3248.203968
1331;162;14881.45946
1341;114;8602.851939
1342;46;4790.874123
1344;89;3717.438757
1345;18;3996.346051
1346;80;10217.32415
1347;106;17216.32372
1348;30;8329.90728
1349;83;10474.06744
1362;151;14935.54782
1363;4;352.526537
1364;150;10056.11315
1365;6;704.205391
1366;32;3187.804461
1367;166;26609.08468
1368;42;5322.803769
1370;55;6066.991518
1371;27;4087.095926
1372;256;27786.2644
1373;19;3239.121581
1375;70;5897.560342
1401;168;21128.40324
1402;60;10118.54746
1403;193;26365.20456
1404;79;6699.603538
1405;132;18703.48459
1406;170;15461.55501
1407;364;39152.74423
1501;14;1138.671952
1502;46;6229.322654
1503;39;3169.239613
1505;3;125.489528
1506;46;8450.68563
1507;79;5420.892702
1508;32;4272.232419
1509;155;11735.4265
1510;44;4499.855538
1511;36;10288.18818
1630;261;26709.34565
1631;351;39087.06383
1632;188;28814.55567
1701;195;21725.6146
1702;117;11895.6638
1703;171;24407.5304
1704;40;8336.688841
1705;14;345.30102
1706;160;23449.32095
1707;154;13594.05088
1708;57;5053.284852
1709;144;14052.66036
1710;30;3359.912686
1711;246;26322.93572
2016;25;4286.461773
2022;19;1454.95772
2027;1;23.322938
2029;101;13832.97083
2043;15;1830.209063
2044;31;5601.178676
2051;24;3132.944666
2053;93;14221.51183
2054;177;15971.85856
2055;33;4770.99116
2063;25;2939.792162
2066;7;1249.982643
2068;1;2.053869
2079;12;1835.635884
2086;35;3422.873283
2087;3;669.04572
2096;74;6087.981998
2097;48;6780.834831
2099;17;3642.394953
2102;31;3923.032093
2113;13;3382.510587
2114;25;3164.2219
2115;23;3361.830821
2117;42;8070.06241
2121;70;16076.29445
2122;54;5577.148919
2123;31;2996.240221
2124;71;9882.389409
2125;76;7944.512881
2129;30;3270.753103
2131;28;3164.877078
2134;30;3643.465307
2135;69;6769.799985
2137;27;2905.632058
2138;88;11605.73978
2140;23;2287.854466
2143;28;3038.805622
2145;23;2066.817061
2147;35;3585.641354
2149;38;3441.0673
2152;48;5701.587591
2153;6;676.379741
2155;45;5769.868378
2160;30;2791.453124
2162;21;2585.166063
2163;48;6047.904999
2174;9;1558.59632
2175;25;1620.729687
2183;67;6510.940238
2194;10;1598.229015
2196;196;15522.85237
2197;46;3647.003463
2198;12;1693.706224
2206;115;15261.52178
2208;6;414.267494
2211;2;391.724275
2216;6;1807.122899
2220;82;7734.512211
2226;44;6423.399727
2228;45;4948.128079
2230;1;93.549629
2233;75;5830.318498
2235;30;2952.016607
2236;130;13371.58376
2237;40;5142.999107
2238;16;1523.706115
2250;6;1434.883594
2254;41;7872.901568
2257;26;3228.758362
2261;4;379.967903
2262;86;7376.744264
2265;96;8716.792193
2266;37;3762.445787
2274;41;3327.176898
2275;106;10258.20271
2276;7;1019.893387
2284;88;12758.75505
2292;25;2840.312021
2293;62;8497.225936
2295;40;6153.595569
2296;63;7259.285369
2299;75;8733.42201
2300;49;4094.613227
2301;44;4392.079277
2303;31;2904.993177
2304;59;8725.676544
2305;19;1486.36266
2306;180;25997.55158
2307;42;3115.8658
2308;67;10231.8355
2309;45;5106.727143
2321;1;687.376486
2325;58;5136.886185
2328;28;3050.269925
2335;19;2983.678545
2336;22;4003.445354
2338;12;3196.272208
2401;8;1634.105738
2402;15;1624.010958
2403;38;4093.653285
2404;18;2404.437831
2405;23;1734.054192
2406;3;2754.761608
2407;67;9804.417391
2408;47;4142.615949
2421;15;1442.334168
2422;95;8378.625405
2424;31;4588.042028
2425;25;3897.596131
2426;16;2666.659151
2427;15;2092.996985
2428;81;10452.48453
2430;66;7531.608896
2445;22;2447.819691
2455;35;3220.111371
2456;18;2234.899672
2457;21;2407.421314
2461;32;3558.272398
2464;40;3776.414616
2465;36;4451.652091
2471;26;3093.868913
2473;72;8053.482652
2474;20;3115.934262
2475;29;3090.496617
2476;8;798.64899
2477;47;6191.997157
2479;34;4064.614234
2480;58;5548.099073
2481;28;5166.214127
2491;16;1401.412444
2495;30;3109.831474
2497;8;2181.070365
2499;59;6732.911276
2500;84;8468.198846
2501;17;2332.009597
2503;48;4677.175838
2511;74;7264.387204
2513;132;12749.56763
2514;16;1357.388842
2516;26;2016.869831
2517;55;4060.705632
2518;20;1556.867788
2519;63;3138.502105
2523;3;463.710496
2524;10;1113.41488
2525;3;657.196332
2526;35;4062.675241
2527;66;5274.554345
2528;19;1494.983494
2530;42;3572.75831
2532;35;3826.805934
2534;137;7593.946513
2535;42;3753.070551
2542;33;8029.962336
2543;26;7028.939172
2544;31;3710.604609
2545;21;2832.988287
2546;91;10850.63206
2548;23;1673.687697
2550;3;132.922015
2553;2;2328.551629
2554;45;5860.707536
2555;5;74.637543
2556;44;11589.36917
2571;39;6202.466839
2572;9;3097.749237
2573;10;3783.748678
2574;6;1341.717147
2575;22;3588.013544
2576;8;874.565979
2578;21;2964.409406
2579;24;1860.150594
2580;11;1477.496469
2581;134;12912.41043
2582;7;580.074755
2583;44;3072.561478
2585;3;702.04787
2586;9;1839.556146
2601;143;9263.553982
2611;35;5338.37718
2612;62;9279.321895
2613;32;5059.818355
2614;1;192.970948
2615;28;4309.063799
2617;13;2170.961821
2619;74;13047.13968
2621;86;12167.69779
2701;692;45245.79115
2702;1;345.175053
2703;24;2965.288168
2761;63;7195.5219
2762;28;5494.450915
2763;77;6696.491785
2765;30;1785.928976
2766;45;3912.194385
2767;27;1477.164448
2768;34;2725.975057
2769;121;10311.00246
2770;126;12654.83396
2771;43;4995.700415
2773;24;3333.874413
2775;36;2740.137397
2782;31;3462.170817
2783;3;827.053974
2785;27;5633.321802
2786;27;3838.288754
2787;72;6904.277396
2788;83;8892.107684
2789;14;2852.004932
2790;1;42.055249
2791;4;903.28105
2792;1;197.375151
2793;56;4306.056395
2821;2;1969.400647
2822;23;2024.46839
2823;63;7388.587581
2824;16;1862.203885
2825;12;1231.717231
2826;1;483.938238
2828;29;2199.009914
2829;135;8507.828024
2831;104;7497.950873
2832;11;383.584036
2833;1;182.486872
2834;5;1949.870458
2841;17;2055.914193
2842;26;3265.551419
2843;1;893.953065
2845;4;1290.116034
2846;28;1777.60541
2848;23;2307.639096
2849;21;1777.256721
2852;11;2653.54062
2855;30;4984.971108
2856;46;4084.407246
2858;23;3353.740373
2859;1;1000.828761
2861;48;5532.343271
2864;5;645.028283
2867;3;1457.30135
2869;1;202.472354
2881;7;1265.678106
2883;58;7554.521755
2885;17;4184.587478
2886;61;6064.248584
2887;15;3051.863153
2888;96;10896.73603
2889;18;2408.80996
2890;5;680.268397
2891;27;3266.030448
2892;31;1903.168678
2893;36;6808.446025
2894;13;2523.321878
2895;61;6852.626775
2901;41;3433.734151
2903;45;6814.763726
2904;71;12806.64767
2915;3;800.304473
2920;49;7464.265761
2932;77;8990.157743
2937;144;10949.61761
2938;5;372.889367
2939;234;20535.35906
2952;13;4606.541052
2953;3;716.630902
2961;26;1821.923441
2962;53;5432.768028
2963;55;5810.272986
2964;116;7692.670923
2971;69;5662.894417
2972;16;1064.29595
2973;30;2886.778559
2974;66;9845.414468
3001;145;11189.56722
3002;78;7846.184352
3003;26;1584.418322
3004;81;8714.767444
3005;89;8168.725674
3006;100;9617.569552
3007;4;1341.209281
3022;94;9992.373122
3023;48;6144.306916
3024;77;9549.163098
3025;103;11565.67348
3031;7;873.524042
3032;66;6423.985209
3033;16;991.715731
3034;68;7428.087824
3035;14;1625.258666
3036;20;2477.310964
3037;72;6088.280135
3038;68;5649.876329
3101;145;10703.16985
3102;72;7234.207677
3104;103;15615.49979
3111;107;13555.21845
3112;127;15141.36859
3201;40;3359.293302
3202;30;3527.764285
3203;540;40962.32445
3204;127;11743.97827
3211;13;1499.448645
3213;59;6989.567916
3214;27;4876.593232
3215;92;6747.507334
3216;104;9250.31436
3217;62;4652.214198
3218;14;1241.223626
3231;89;12278.23006
3232;25;3193.799335
3233;21;2527.27666
3234;48;7588.061537
3235;71;5994.176848
3236;59;7846.424228
3237;123;10690.80852
3238;46;4767.370642
3251;306;31570.40027
3252;31;1775.594571
3253;11;1748.775108
3254;166;26918.55241
3255;12;1528.690785
3256;39;7136.257886
3271;187;12831.5067
3272;38;5491.37047
3273;167;15958.82454
3274;122;17273.6145
3275;97;11701.83002
3276;104;16154.73615
3291;45;7892.634993
3292;33;5368.941394
3293;76;8708.988483
3295;81;8599.169092
3296;93;10417.0276
3297;16;2936.544621
3298;86;8130.130142
3312;28;3928.229077
3313;55;8754.959108
3315;90;12847.30151
3316;18;2524.454868
3338;34;4194.806853
3339;43;4988.642364
3340;359;37097.35536
3341;91;8600.764827
3342;187;33997.73314
3352;81;9306.471159
3359;108;12778.97953
3360;124;14225.01505
3374;50;2179.762859
3379;207;25557.34205
3392;12;6794.023318
3393;122;17296.47885
3394;74;10827.16047
3395;120;14288.01428
3396;122;22747.94038
3401;79;9465.553298
3402;88;5302.222971
3405;56;7267.914985
3407;25;2778.369334
3408;107;10819.13803
3422;28;4870.255688
3423;7;4972.673063
3424;50;7328.987289
3426;14;5127.918909
3427;322;21829.72512
3441;6;704.129057
3442;7;671.051264
3443;172;17513.84705
3444;26;5149.327072
3506;23;4806.454462
3513;1;67.887413
3542;76;12321.52139
3544;151;24734.69309
3551;1;163.450589
3561;3;1233.754051
3575;2;167.69418
3618;2;299.755226
3619;70;12574.90871
3633;1;847.703009
3637;27;4512.804478
3638;2;95.78152
3640;56;6948.834991
3661;19;2699.223891
3668;65;7809.407521
3672;63;12559.87254
3673;20;3405.572568
3695;47;7852.570923
3701;62;9604.9008
3711;16;1472.06585
3712;43;4999.485566
3714;197;36742.77177
3715;10;687.411396
3721;65;8570.538141
3722;100;16730.49942
3731;36;3629.056384
3732;1;86.556438
3733;28;6266.161936
3746;211;41513.29102
3752;3;5119.673405
3762;176;27326.51977
3764;77;18090.14043
3781;18;2980.437489
3782;24;2864.715238
3783;4;1214.161226
3784;11;990.642845
3785;52;12962.00211
3786;72;11591.58845
3787;81;13959.03268
3788;57;9796.604834
3789;47;7145.356475
3790;28;5532.082002
3791;15;4226.079723
3792;21;3133.293915
3821;35;6166.262692
3822;171;25289.85251
3823;42;5766.345348
3831;22;3486.556294
3832;60;4717.320624
3834;20;2677.183028
3835;33;3836.201344
3847;156;23660.14095
3851;11;2965.43127
3861;16;4935.538074
3863;46;4365.616818
3871;47;9107.206542
3881;1;360.601552
3882;15;1741.791142
3891;12;2067.188314
3901;286;27781.24264
3911;4;205.471383
3921;5;6687.526091
3945;79;8437.562298
3947;81;9988.595032
3951;29;2376.703806
3952;37;2488.630572
3953;67;9230.989721
3954;45;3959.577882
3955;92;12258.7046
3961;23;2601.55442
3962;54;6077.131836
3972;12;1931.490135
3981;37;8601.994028
3982;113;13929.03515
3983;101;16948.11508
3985;42;5906.746421
3986;95;14724.47143
3987;51;6612.833632
4001;182;12702.12457
4002;10;2346.112412
4003;1;233.320642
4006;93;9258.713193
4007;12;1127.747928
4008;16;2159.673284
4009;21;2596.887979
4010;44;3392.151587
4012;193;15125.59554
4013;16;1387.118202
4021;173;14454.05401
4023;32;1802.233319
4024;45;7330.570449
4026;8;400.050549
4027;52;5494.16744
4028;1;110.738051
4029;2;824.273458
4030;14;912.698762
4031;3;1391.656166
4032;41;2581.381974
4033;73;5611.890055
4034;53;4891.699016
4035;5;1514.927065
4038;9;402.388874
4039;3;855.527689
4040;128;12038.66346
4042;7;862.704529
4044;30;2906.101808
4045;140;10623.1918
4046;46;4824.998467
4047;56;4643.137705
4048;76;10759.30318
4049;22;3598.066819
4061;1;857.134981
4062;13;967.030427
4063;102;9688.071127
4065;4;362.59835
4066;6;1190.324075
4067;21;1997.464541
4068;4;307.949471
4071;3;461.48548
4072;37;3245.861255
4073;3;605.918569
4074;13;1765.218295
4075;3;86.793084
4076;39;5582.137839
4077;32;2951.944448
4079;3;84.559303
4080;34;4924.874607
4082;16;3492.573973
4083;2;7.777351
4091;48;4694.304296
4092;2;555.499173
4093;36;4467.036468
4095;165;14768.99595
4100;2;496.351636
4104;13;4194.685468
4107;50;5285.153696
4110;11;785.598501
4111;6;1851.779198
4112;8;1789.094047
4117;1;558.417185
4120;10;2575.519943
4121;52;6933.399365
4122;9;2108.763034
4123;79;7473.052954
4124;72;8173.060779
4125;19;2583.625929
4131;5;1100.940901
4132;1;221.198236
4134;1;685.12985
4135;3;657.369405
4136;2;145.572973
4137;9;1611.147911
4139;49;3519.296699
4140;21;2489.484053
4141;53;4195.284814
4142;37;5715.471134
4143;2;141.298475
4144;54;4777.496943
4145;21;780.619155
4146;71;8742.783513
4147;32;2578.193788
4161;52;5196.070498
4163;37;2808.523754
4165;2;399.649089
4169;40;5623.805784
4170;37;5119.746916
4172;12;2198.858179
4175;28;2378.69429
4176;17;3179.912991
4177;8;1973.933658
4181;2;417.937162
4183;11;1086.395083
4184;27;5317.716292
4185;65;6625.194396
4186;1;42.071263
4191;1;502.932984
4193;4;492.183466
4194;6;203.38666
4195;15;2312.746946
4196;3;497.243269
4197;10;1251.78104
4198;3;161.212813
4199;3;1100.660334
4200;36;2441.728442
4201;157;11127.49825
4202;61;4403.240608
4203;35;4521.983276
4204;36;2690.082149
4205;54;2983.180082
4206;16;747.380834
4207;59;3828.374459
4208;92;7522.183755
4209;56;6166.860974
4210;56;4159.22211
4221;1;525.725813
4222;41;4861.769159
4223;3;779.683786
4224;42;6192.986172
4227;13;1630.624421
4228;14;1355.651404
4229;4;314.316723
4230;3;350.503421
4231;18;2802.753108
4232;12;1747.028545
4233;3;344.253112
4234;98;9111.501727
4235;32;3595.717865
4236;71;5600.507806
4237;16;3054.864898
4238;24;2995.367085
4239;118;13742.96674
4240;9;734.377646
4251;30;3826.269121
4252;65;6625.604909
4253;1;901.503488
4254;106;10907.15715
4255;33;3099.935823
4258;175;18703.49075
4259;2;471.482113
4260;48;4372.858589
4261;34;3605.059093
4262;1;194.654997
4263;37;4392.748714
4264;24;2754.71933
4271;59;3445.792619
4274;59;7884.13341
4275;21;3825.460843
4276;51;3883.734236
4277;14;2154.346898
4279;58;4594.38816
4280;134;11395.48849
4281;4;859.122202
4282;93;7024.129527
4283;40;3938.714339
4284;21;2881.256715
4285;10;724.926412
4287;1;1443.092009
4289;77;4231.939077
4303;52;8036.321865
4304;47;3406.747543
4305;69;6617.870245
4306;37;6089.31672
4307;30;4206.019838
4309;43;3576.156085
4310;71;4432.052959
4311;18;3396.499108
4312;31;4446.134965
4313;59;7951.558748
4314;22;2436.841852
4318;13;939.400561
4320;55;5987.251147
4324;195;18752.81679
4401;173;14021.67679
4406;26;2346.78835
4411;126;21031.45429
4416;44;4687.164968
4421;44;4182.006103
4426;36;4866.41489
4431;99;10870.21753
4436;131;12762.91027
4441;42;2969.753033
4446;34;3177.982054
4451;44;6102.770225
4461;211;21298.09193
4471;177;12692.37247
4476;38;6356.633188
4486;49;3436.225125
4495;38;9712.254987
4501;97;11999.62511
4506;64;7950.318466
4511;74;8530.418752
4536;32;4906.1597
4545;92;11183.40076
4546;26;3101.903657
4551;104;10473.09561
4561;39;5513.422166
4566;369;33792.86151
4571;72;8589.103317
4590;59;9311.534087
4591;49;4648.197047
4601;65;8864.578301
4606;9;2125.621018
4611;2;1580.711326
4616;88;13398.6877
4621;93;10276.92061
4641;91;12992.3653
4643;55;3588.302291
4646;43;7293.718446
4656;56;9420.65521
4666;138;18421.45707
4671;330;21752.27273
4681;42;6755.810975
4683;35;5800.7305
4691;57;11136.98208
4696;75;9591.47809
4701;33;3955.943362
4711;31;7669.343024
4721;76;11516.33539
4723;2;1277.795507
4724;63;6307.055955
4726;75;11039.49947
4741;49;6089.86623
4746;58;4113.353112
4751;8;161.735674
4756;33;6251.919166
4761;95;8905.00532
4781;81;6927.395366
4786;1;66.664164
4791;39;5006.854716
4801;37;3947.999135
4806;27;4362.250441
4811;82;11944.7036
4816;101;12641.74643
4821;124;19994.39551
4826;35;4585.132043
4831;44;3143.872033
4841;78;11362.51644
4846;26;3116.672088
4851;21;2927.766518
4864;102;9970.429952
4871;52;9527.723777
4881;50;7000.384722
4891;53;6048.397631
4901;41;5385.251435
4911;139;16497.88719
4921;79;11134.72482
4941;116;10905.39191
4946;205;16115.17037
4951;59;7097.414311
5001;115;7532.464358
5002;571;50179.8695
5003;104;7406.474122
5010;9;2172.845783
5017;41;3797.927394
5048;131;13255.6776
5049;84;17562.28613
5050;40;4466.646651
5061;151;23973.34954
5064;13;1041.470011
5072;103;13253.82699
5073;59;7586.014296
5076;50;2685.176594
5077;48;4074.202831
5078;33;2409.955803
5079;68;7028.281432
5091;35;4258.488646
5108;25;1864.493117
5113;181;18887.93833
5115;32;4040.635213
5118;40;3920.546108
5120;24;1018.234811
5131;34;2574.181017
5138;14;1368.980969
5141;2;503.819782
5148;4;22.858285
5151;15;4130.392514
5154;20;2528.071082
5161;1;514.793936
5167;4;473.260566
5171;5;252.948686
5189;11;2435.594291
5192;42;4407.497941
5193;4;582.980226
5194;8;1681.324886
5198;27;3307.70449
5199;26;3445.327063
5203;20;4128.985709
5205;24;1915.916758
5207;2;1236.620193
5212;9;1603.488696
5216;2;1974.674848
5226;8;1740.597047
5227;13;1321.849314
5233;6;1292.64015
5236;19;3358.590672
5238;125;16611.63751
5239;1;109.048007
5240;65;4955.421067
5242;8;406.941573
5250;51;4694.804851
5251;35;3058.247536
5254;137;9938.580869
5257;1;469.690987
5260;22;2351.302725
5263;31;1315.65751
5266;3;303.795754
5269;4;2162.582202
5281;135;8966.880716
5287;67;8457.946584
5310;120;9666.400953
5317;129;17317.30473
5324;93;10001.85435
5396;27;2027.386281
5398;103;7189.319936
5399;3;164.769647
5401;90;6424.832589
5402;190;23431.23033
5403;1;1452.824881
5404;92;17404.80922
5405;47;6076.645326
5406;1;533.448272
5407;9;4241.88107
5408;60;7051.897122
5409;92;18478.00487
5410;66;8069.378948
5411;79;13782.03932
5413;2;142.309013
5414;83;5760.302688
5415;34;4287.368494
5422;30;2844.670417
5423;24;3174.532625
5424;22;2148.767264
5425;53;5786.766734
5426;13;1103.753954
5427;5;1000.257965
5428;35;4245.473968
5429;16;2759.751387
5430;20;2116.365774
5431;21;3647.970636
5435;37;5242.388396
5437;15;2064.839063
5451;174;20135.94831
5456;48;7642.932377
5458;47;5799.646246
5464;119;15303.56003
5475;21;1594.80196
5479;32;4411.302372
5480;28;3230.320761
5482;4;1404.167317
5483;2;327.197863
5484;32;5614.922326
5485;20;3324.478945
5486;37;3830.467977
5487;22;2732.500879
5490;26;3874.400736
5492;23;3817.155563
5493;14;3643.497803
5495;67;5717.046461
5496;1;191.614209
5497;4;215.006947
5498;27;2660.283203
5503;12;2435.818114
5511;30;4800.3251
5512;31;2512.808706
5518;42;3849.273809
5520;1;83.795991
5521;51;4057.224397
5522;14;2922.172884
5527;6;1838.555558
5529;30;2511.164542
5531;24;2202.291876
5534;14;1247.735946
5535;18;1879.28856
5537;40;5444.799533
5540;2;521.423243
5541;52;7665.877614
5551;24;2482.079527
5553;19;1851.397371
5554;61;7137.650155
5555;12;2942.805032
5556;10;1594.910299
5559;26;2805.013789
5561;100;10842.70981
5565;21;3102.226956
5566;58;17607.97103
5568;88;11974.2909
5571;13;3368.976212
5582;42;1922.31678
5583;10;1316.213509
5584;43;2860.643837
5585;22;2021.217263
5586;374;28695.62049
5588;18;553.571683
5589;28;1313.393348
5590;55;2205.865942
5591;3;253.751707
5592;1;34.306204
5601;59;4457.288687
5604;35;6683.881198
5606;47;3316.556446
5607;60;9802.090136
5609;1;257.678524
5610;7;799.008121
5611;27;3948.193175
5613;59;5875.708283
5621;6;359.292643
5622;4;1364.214105
5623;17;1383.732116
5624;28;2592.106346
5627;10;489.082683
5628;5;951.62778
5631;24;2665.109885
5632;24;2643.442408
5633;39;4054.357021
5634;15;2355.69469
5635;119;7834.298788
5636;40;5554.814403
5637;49;3771.908509
5639;11;1018.564534
5642;133;7971.057712
5643;56;3049.898572
5645;1;29.908246
5646;85;6542.316433
5648;71;3910.81285
5649;14;1306.609888
5650;6;1052.844632
5652;22;2231.044553
5653;26;3413.887205
5654;26;4449.75162
5655;3;594.152904
5656;4;890.566121
5661;25;2804.753779
5663;25;2694.086017
5665;6;1459.306732
5669;34;4661.87068
5675;101;15010.56233
5678;105;15731.66276
5690;25;4013.743369
5693;53;7330.786256
5701;19;2652.088113
5702;18;2950.567663
5703;66;14496.82752
5704;12;1112.679705
5705;16;1312.920938
5706;24;1915.804009
5707;19;1975.127704
5708;12;2063.234915
5710;29;2841.523006
5711;6;1272.608083
5712;51;4689.199092
5713;33;5286.814076
5714;3;566.851285
5715;26;2304.315032
5716;9;1423.280937
5717;45;4910.410435
5718;40;4512.400801
5719;27;2142.953576
5720;12;855.181946
5721;58;5281.08995
5722;12;2316.263429
5723;43;3987.364768
5724;128;9603.921064
5725;41;3748.231482
5728;1;23.440682
5729;37;2276.99019
5730;11;1832.7986
5731;18;2044.310609
5732;18;1046.626892
5741;20;2704.506232
5742;25;2744.742408
5744;34;4070.280956
5745;102;18924.71209
5746;14;4043.278804
5747;3;409.336706
5748;23;3801.276657
5749;83;9914.623469
5750;26;4975.493296
5752;17;786.824815
5755;27;3990.539134
5757;68;5615.261653
5760;25;3234.082417
5761;38;4952.840398
5762;9;1259.643191
5763;32;3609.630698
5764;63;7974.869837
5766;31;2970.813269
5790;9;1198.032893
5799;27;3106.27741
5803;41;5751.235474
5805;100;12424.89751
5806;19;1836.178494
5813;19;3213.61993
5816;47;6829.451211
5819;9;3236.407131
5822;104;9588.435596
5831;59;6746.544288
5841;188;24788.39722
5842;24;6394.417834
5843;64;7416.093735
5851;21;2644.866674
5853;16;2061.203963
5856;6;914.941466
5857;42;5221.720663
5858;25;2587.859611
5859;32;2818.954938
5860;38;3733.431492
5861;32;2042.391792
5862;11;713.659038
5863;8;769.443039
5871;33;3743.81881
5872;124;17846.58789
5873;55;7509.168468
5882;36;5908.843602
5883;27;2138.560448
5884;85;11740.35531
5885;19;2480.615084
5886;96;5913.963825
5889;32;2780.422521
5890;47;3161.771208
5891;19;2275.942042
5892;4;138.312654
5909;19;10101.26453
5911;1;391.917426
5914;38;5654.316412
5919;13;2922.60688
5922;4;142.609392
5924;22;2023.1634
5929;32;2804.578527
5930;13;1845.58142
5931;9;2081.752908
5938;236;17433.30466
5939;27;4473.747006
6002;60;6874.171241
6007;40;4573.428638
6010;2;289.504035
6021;44;4380.632026
6022;77;7675.15172
6023;53;4019.2029
6024;3;1414.093443
6025;53;4003.848571
6037;42;15026.12647
6056;73;11730.65752
6076;94;28600.79316
6077;87;14443.24221
6082;85;13342.40279
6110;143;13041.91101
6113;44;4848.862755
6116;34;3644.032394
6118;13;1637.942122
6119;12;2849.707995
6133;136;15240.64645
6135;49;3845.978281
6136;111;10739.72614
6137;1;98.477964
6139;7;1068.776478
6140;71;7627.530049
6151;3;1679.430804
6152;169;23694.30892
6153;92;8575.743259
6154;68;9989.686711
6155;58;8053.952965
6156;6;5486.654871
6157;6;3734.690493
6158;71;6238.097489
6159;85;16003.61146
6172;21;3377.405104
6173;23;2776.282249
6177;33;7338.461491
6181;3;209.527847
6198;29;2851.962512
6199;42;5322.638734
6203;37;3504.961823
6204;6;1421.681505
6212;4;476.226086
6213;21;4170.544436
6215;30;4033.575668
6217;120;8864.12438
6219;11;2125.686001
6220;1;76.896908
6238;7;1652.533325
6240;27;3932.811601
6246;67;4411.147545
6248;176;21579.61545
6253;158;19233.17504
6254;90;8766.532179
6261;37;5226.944195
6263;57;5720.218215
6265;172;16949.89365
6266;302;29592.98147
6281;33;2098.130518
6286;28;3005.305392
6297;37;3556.623188
6404;156;15944.41429
6408;71;5232.131225
6413;2;513.073892
6416;85;9225.877558
6417;156;15793.01502
6421;307;35490.62102
6423;51;11443.51023
6432;64;12890.38677
6433;23;4461.359661
6434;10;1954.740558
6435;44;5864.70188
6436;91;12040.44643
6437;32;5075.416716
6451;23;2305.288118
6452;45;7602.806798
6453;27;4149.856158
6454;39;4152.24836
6455;2;70.81811
6458;399;35849.46416
6459;93;7536.274157
6461;117;8808.842733
6487;151;24524.29739
6504;48;6929.573863
6511;50;13962.31914
6512;276;50124.69446
6602;25;3009.139933
6605;24;4455.324407
6606;82;7803.868564
6607;143;10403.83114
6608;48;3383.527171
6610;56;7694.509325
6612;106;7236.189375
6613;21;1326.946823
6614;43;3144.554512
6615;50;6304.638235
6616;97;5371.536839
6617;127;9871.762093
6618;49;3290.936394
6619;15;946.593218
6621;643;34402.98389
6622;61;6626.551919
6623;30;3578.800297
6624;8;448.770227
6625;23;2126.746241
6626;46;6640.931926
6628;214;12845.11525
6629;69;9233.506087
6630;97;9703.943208
6631;79;4253.673187
6632;28;2578.100559
6633;38;3901.968696
6634;105;6727.061137
6635;21;2381.105521
6636;20;3940.61473
6638;8;662.159908
6640;57;5106.926293
6642;63;4135.618411
6643;149;15029.62448
6644;126;10899.50139
6645;63;5071.686338
6702;3;483.701923
6703;6;2304.981285
6704;3;731.558742
6706;1;750.141912
6708;84;10251.29043
6709;12;1060.268029
6710;21;2882.037507
6711;155;12350.46951
6712;53;7190.282306
6715;9;5338.174023
6719;14;1521.990962
6724;27;4099.215905
6729;112;15472.72181
6730;2;978.045579
6741;16;3656.282255
6743;52;7863.418779
6745;16;3364.636312
6748;33;6644.287897
6751;11;1174.417364
6753;8;2523.697742
6754;1;60.549686
6757;73;7983.914153
6758;37;6225.098369
6771;34;5191.776726
6774;33;2591.938032
6778;37;5521.929063
6782;57;7082.069995
6783;17;2305.208527
6784;49;7322.160476
6785;12;3810.835235
6789;18;3556.532591
6792;31;4111.273006
6800;119;11580.82794
6807;51;7694.84091
6808;92;17408.70194
6809;70;11696.74492
6810;82;12445.35326
